Size,SameSocket_Run1,SameSocket_Run2,SameSocket_Run3,SameSocket_Run4,SameSocket_Run5,DiffSocket_Run1,DiffSocket_Run2,DiffSocket_Run3,DiffSocket_Run4,DiffSocket_Run5,DiffNode_Run1,DiffNode_Run2,DiffNode_Run3,DiffNode_Run4,DiffNode_Run5
0,0.16,0.16,0.16,0.16,0.16,0.33,0.33,0.33,0.33,0.33,1.68,1.69,1.66,1.67,1.67
1,0.16,0.16,0.16,0.16,0.16,0.33,0.33,0.33,0.33,0.33,1.65,1.64,1.64,1.64,1.64
2,0.16,0.16,0.16,0.16,0.16,0.33,0.33,0.33,0.33,0.33,1.65,1.67,1.64,1.64,1.63
4,0.16,0.16,0.16,0.16,0.16,0.33,0.33,0.33,0.32,0.32,1.63,1.62,1.62,1.63,1.63
8,0.16,0.16,0.16,0.16,0.16,0.33,0.33,0.32,0.32,0.32,1.64,1.63,1.63,1.63,1.64
16,0.16,0.16,0.16,0.16,0.16,0.33,0.33,0.32,0.32,0.32,1.64,1.63,1.63,1.63,1.64
32,0.21,0.20,0.21,0.21,0.21,0.51,0.52,0.52,0.53,0.52,1.64,1.64,1.63,1.64,1.64
64,0.21,0.21,0.22,0.21,0.21,0.51,0.50,0.49,0.51,0.57,1.80,1.77,1.77,1.78,1.78
128,0.33,0.33,0.33,0.32,0.33,0.73,0.73,0.73,0.72,0.72,2.46,2.45,2.45,2.45,2.46
256,0.35,0.35,0.35,0.35,0.35,0.76,0.76,0.76,0.76,0.76,2.60,2.60,2.59,2.60,2.60
512,0.38,0.38,0.38,0.38,0.39,0.82,0.81,0.81,0.81,0.81,2.89,2.88,2.88,2.89,2.93
1024,0.45,0.46,0.46,0.46,0.47,0.99,0.98,0.98,0.98,0.98,3.45,3.45,3.43,3.44,3.43
2048,0.60,0.61,0.61,0.60,0.61,1.24,1.23,1.23,1.23,1.23,4.49,4.47,4.46,4.47,4.48
4096,0.92,0.92,0.92,0.92,0.93,1.65,1.65,1.65,1.66,1.66,6.61,6.59,6.59,6.62,6.60
8192,1.58,1.59,1.60,1.61,1.61,2.66,2.62,2.63,2.62,2.63,8.48,8.46,8.45,8.47,8.46
16384,2.88,2.89,2.90,2.91,2.92,4.34,4.33,4.34,4.36,4.36,11.10,11.12,11.11,11.12,11.11
32768,4.71,4.70,4.78,4.79,4.74,7.33,7.29,7.29,7.34,7.32,16.23,16.25,16.21,16.21,16.22
65536,8.20,8.20,8.41,8.36,8.40,13.71,13.50,13.71,13.68,13.66,26.35,26.38,26.28,26.26,26.32
131072,16.33,16.35,16.62,16.60,16.47,26.70,26.61,26.81,26.76,26.83,45.96,45.92,45.90,45.93,45.91
262144,25.14,25.28,25.56,25.65,25.57,25.34,25.16,25.30,25.00,25.36,83.93,83.88,84.87,84.63,83.93
524288,49.91,49.03,49.99,50.22,49.97,49.74,49.60,49.50,48.41,49.37,161.30,161.19,161.22,161.21,161.19
1048576,96.04,93.09,96.20,97.20,94.78,94.82,94.65,94.21,91.59,94.17,315.87,315.65,315.66,315.81,315.75
2097152,196.27,194.03,196.38,212.85,194.33,182.13,183.01,182.69,178.03,182.10,624.57,624.44,624.56,624.69,624.48
4194304,765.35,785.90,785.90,783.36,780.74,393.11,368.66,387.41,394.82,393.34,1243.21,1243.29,1243.12,1242.53,1242.52
