launcher,mpi_build,message_size,latency_us
mpiexec,intel-mpi_2019.10.317-gcc-8.5.0,0,1.8
mpiexec,openmpi_3.1.6-gcc-12.2.0,0,1.66
mpiexec,openmpi_4.1.4-gcc-12.2.0,0,95.88
mpiexec,openmpi_4.1.4-gcc-8.5.0,0,69.47
mpiexec,openmpi_4.1.4-intel-2021.7.1,0,28.93
mpiexec,openmpi_4.1.4-oneapi-2022.2.1,0,85.42
mpirun,intel-mpi_2019.10.317-gcc-8.5.0,0,1.81
mpirun,openmpi_3.1.6-gcc-12.2.0,0,1.66
mpirun,openmpi_4.1.4-gcc-12.2.0,0,79.14
mpirun,openmpi_4.1.4-gcc-8.5.0,0,56.0
mpirun,openmpi_4.1.4-intel-2021.7.1,0,97.42
mpirun,openmpi_4.1.4-oneapi-2022.2.1,0,80.42
srun,openmpi_3.1.6-gcc-12.2.0,0,1.67
srun,openmpi_4.1.4-gcc-12.2.0,0,71.9
srun,openmpi_4.1.4-gcc-8.5.0,0,78.34
srun,openmpi_4.1.4-intel-2021.7.1,0,66.89
srun,openmpi_4.1.4-oneapi-2022.2.1,0,92.06
mpiexec,intel-mpi_2019.10.317-gcc-8.5.0,1,1.76
mpiexec,openmpi_3.1.6-gcc-12.2.0,1,1.63
mpiexec,openmpi_4.1.4-gcc-12.2.0,1,95.62
mpiexec,openmpi_4.1.4-gcc-8.5.0,1,70.13
mpiexec,openmpi_4.1.4-intel-2021.7.1,1,40.54
mpiexec,openmpi_4.1.4-oneapi-2022.2.1,1,86.3
mpirun,intel-mpi_2019.10.317-gcc-8.5.0,1,1.78
mpirun,openmpi_3.1.6-gcc-12.2.0,1,1.63
mpirun,openmpi_4.1.4-gcc-12.2.0,1,28.03
mpirun,openmpi_4.1.4-gcc-8.5.0,1,86.42
mpirun,openmpi_4.1.4-intel-2021.7.1,1,82.59
mpirun,openmpi_4.1.4-oneapi-2022.2.1,1,85.0
srun,openmpi_3.1.6-gcc-12.2.0,1,1.63
srun,openmpi_4.1.4-gcc-12.2.0,1,71.16
srun,openmpi_4.1.4-gcc-8.5.0,1,76.03
srun,openmpi_4.1.4-intel-2021.7.1,1,83.24
srun,openmpi_4.1.4-oneapi-2022.2.1,1,87.43
mpiexec,intel-mpi_2019.10.317-gcc-8.5.0,2,1.78
mpiexec,openmpi_3.1.6-gcc-12.2.0,2,1.62
mpiexec,openmpi_4.1.4-gcc-12.2.0,2,94.8
mpiexec,openmpi_4.1.4-gcc-8.5.0,2,62.64
mpiexec,openmpi_4.1.4-intel-2021.7.1,2,75.3
mpiexec,openmpi_4.1.4-oneapi-2022.2.1,2,86.5
mpirun,intel-mpi_2019.10.317-gcc-8.5.0,2,1.77
mpirun,openmpi_3.1.6-gcc-12.2.0,2,1.64
mpirun,openmpi_4.1.4-gcc-12.2.0,2,26.43
mpirun,openmpi_4.1.4-gcc-8.5.0,2,86.48
mpirun,openmpi_4.1.4-intel-2021.7.1,2,85.01
mpirun,openmpi_4.1.4-oneapi-2022.2.1,2,77.27
srun,openmpi_3.1.6-gcc-12.2.0,2,1.63
srun,openmpi_4.1.4-gcc-12.2.0,2,71.98
srun,openmpi_4.1.4-gcc-8.5.0,2,78.5
srun,openmpi_4.1.4-intel-2021.7.1,2,82.65
srun,openmpi_4.1.4-oneapi-2022.2.1,2,58.13
mpiexec,intel-mpi_2019.10.317-gcc-8.5.0,4,1.74
mpiexec,openmpi_3.1.6-gcc-12.2.0,4,1.61
mpiexec,openmpi_4.1.4-gcc-12.2.0,4,95.21
mpiexec,openmpi_4.1.4-gcc-8.5.0,4,40.6
mpiexec,openmpi_4.1.4-intel-2021.7.1,4,95.26
mpiexec,openmpi_4.1.4-oneapi-2022.2.1,4,83.93
mpirun,intel-mpi_2019.10.317-gcc-8.5.0,4,1.76
mpirun,openmpi_3.1.6-gcc-12.2.0,4,1.62
mpirun,openmpi_4.1.4-gcc-12.2.0,4,31.36
mpirun,openmpi_4.1.4-gcc-8.5.0,4,66.64
mpirun,openmpi_4.1.4-intel-2021.7.1,4,93.13
mpirun,openmpi_4.1.4-oneapi-2022.2.1,4,28.45
srun,openmpi_3.1.6-gcc-12.2.0,4,1.62
srun,openmpi_4.1.4-gcc-12.2.0,4,73.02
srun,openmpi_4.1.4-gcc-8.5.0,4,78.09
srun,openmpi_4.1.4-intel-2021.7.1,4,86.48
srun,openmpi_4.1.4-oneapi-2022.2.1,4,75.57
mpiexec,intel-mpi_2019.10.317-gcc-8.5.0,8,1.75
mpiexec,openmpi_3.1.6-gcc-12.2.0,8,1.62
mpiexec,openmpi_4.1.4-gcc-12.2.0,8,91.95
mpiexec,openmpi_4.1.4-gcc-8.5.0,8,34.66
mpiexec,openmpi_4.1.4-intel-2021.7.1,8,95.93
mpiexec,openmpi_4.1.4-oneapi-2022.2.1,8,64.33
mpirun,intel-mpi_2019.10.317-gcc-8.5.0,8,1.77
mpirun,openmpi_3.1.6-gcc-12.2.0,8,1.62
mpirun,openmpi_4.1.4-gcc-12.2.0,8,26.62
mpirun,openmpi_4.1.4-gcc-8.5.0,8,25.96
mpirun,openmpi_4.1.4-intel-2021.7.1,8,97.88
mpirun,openmpi_4.1.4-oneapi-2022.2.1,8,84.32
srun,openmpi_3.1.6-gcc-12.2.0,8,1.63
srun,openmpi_4.1.4-gcc-12.2.0,8,69.35
srun,openmpi_4.1.4-gcc-8.5.0,8,74.28
srun,openmpi_4.1.4-intel-2021.7.1,8,86.32
srun,openmpi_4.1.4-oneapi-2022.2.1,8,92.21
mpiexec,intel-mpi_2019.10.317-gcc-8.5.0,16,1.75
mpiexec,openmpi_3.1.6-gcc-12.2.0,16,1.62
mpiexec,openmpi_4.1.4-gcc-12.2.0,16,94.23
mpiexec,openmpi_4.1.4-gcc-8.5.0,16,51.73
mpiexec,openmpi_4.1.4-intel-2021.7.1,16,93.17
mpiexec,openmpi_4.1.4-oneapi-2022.2.1,16,86.81
mpirun,intel-mpi_2019.10.317-gcc-8.5.0,16,1.76
mpirun,openmpi_3.1.6-gcc-12.2.0,16,1.62
mpirun,openmpi_4.1.4-gcc-12.2.0,16,27.07
mpirun,openmpi_4.1.4-gcc-8.5.0,16,26.12
mpirun,openmpi_4.1.4-intel-2021.7.1,16,96.36
mpirun,openmpi_4.1.4-oneapi-2022.2.1,16,84.41
srun,openmpi_3.1.6-gcc-12.2.0,16,1.63
srun,openmpi_4.1.4-gcc-12.2.0,16,72.14
srun,openmpi_4.1.4-gcc-8.5.0,16,69.28
srun,openmpi_4.1.4-intel-2021.7.1,16,86.04
srun,openmpi_4.1.4-oneapi-2022.2.1,16,91.93
mpiexec,intel-mpi_2019.10.317-gcc-8.5.0,32,1.76
mpiexec,openmpi_3.1.6-gcc-12.2.0,32,1.62
mpiexec,openmpi_4.1.4-gcc-12.2.0,32,93.55
mpiexec,openmpi_4.1.4-gcc-8.5.0,32,27.47
mpiexec,openmpi_4.1.4-intel-2021.7.1,32,94.14
mpiexec,openmpi_4.1.4-oneapi-2022.2.1,32,87.76
mpirun,intel-mpi_2019.10.317-gcc-8.5.0,32,1.78
mpirun,openmpi_3.1.6-gcc-12.2.0,32,1.63
mpirun,openmpi_4.1.4-gcc-12.2.0,32,27.01
mpirun,openmpi_4.1.4-gcc-8.5.0,32,44.32
mpirun,openmpi_4.1.4-intel-2021.7.1,32,99.08
mpirun,openmpi_4.1.4-oneapi-2022.2.1,32,85.11
srun,openmpi_3.1.6-gcc-12.2.0,32,1.64
srun,openmpi_4.1.4-gcc-12.2.0,32,72.14
srun,openmpi_4.1.4-gcc-8.5.0,32,77.91
srun,openmpi_4.1.4-intel-2021.7.1,32,84.58
srun,openmpi_4.1.4-oneapi-2022.2.1,32,89.96
mpiexec,intel-mpi_2019.10.317-gcc-8.5.0,64,1.9
mpiexec,openmpi_3.1.6-gcc-12.2.0,64,1.76
mpiexec,openmpi_4.1.4-gcc-12.2.0,64,96.35
mpiexec,openmpi_4.1.4-gcc-8.5.0,64,60.4
mpiexec,openmpi_4.1.4-intel-2021.7.1,64,45.49
mpiexec,openmpi_4.1.4-oneapi-2022.2.1,64,85.4
mpirun,intel-mpi_2019.10.317-gcc-8.5.0,64,1.92
mpirun,openmpi_3.1.6-gcc-12.2.0,64,1.76
mpirun,openmpi_4.1.4-gcc-12.2.0,64,27.84
mpirun,openmpi_4.1.4-gcc-8.5.0,64,87.75
mpirun,openmpi_4.1.4-intel-2021.7.1,64,99.55
mpirun,openmpi_4.1.4-oneapi-2022.2.1,64,85.52
srun,openmpi_3.1.6-gcc-12.2.0,64,1.78
srun,openmpi_4.1.4-gcc-12.2.0,64,73.94
srun,openmpi_4.1.4-gcc-8.5.0,64,78.47
srun,openmpi_4.1.4-intel-2021.7.1,64,87.38
srun,openmpi_4.1.4-oneapi-2022.2.1,64,79.77
mpiexec,intel-mpi_2019.10.317-gcc-8.5.0,128,2.53
mpiexec,openmpi_3.1.6-gcc-12.2.0,128,2.43
mpiexec,openmpi_4.1.4-gcc-12.2.0,128,96.78
mpiexec,openmpi_4.1.4-gcc-8.5.0,128,26.83
mpiexec,openmpi_4.1.4-intel-2021.7.1,128,35.3
mpiexec,openmpi_4.1.4-oneapi-2022.2.1,128,88.23
mpirun,intel-mpi_2019.10.317-gcc-8.5.0,128,2.53
mpirun,openmpi_3.1.6-gcc-12.2.0,128,2.43
mpirun,openmpi_4.1.4-gcc-12.2.0,128,67.6
mpirun,openmpi_4.1.4-gcc-8.5.0,128,91.09
mpirun,openmpi_4.1.4-intel-2021.7.1,128,90.25
mpirun,openmpi_4.1.4-oneapi-2022.2.1,128,88.17
srun,openmpi_3.1.6-gcc-12.2.0,128,2.41
srun,openmpi_4.1.4-gcc-12.2.0,128,75.87
srun,openmpi_4.1.4-gcc-8.5.0,128,80.22
srun,openmpi_4.1.4-intel-2021.7.1,128,88.34
srun,openmpi_4.1.4-oneapi-2022.2.1,128,95.52
mpiexec,intel-mpi_2019.10.317-gcc-8.5.0,256,2.68
mpiexec,openmpi_3.1.6-gcc-12.2.0,256,2.58
mpiexec,openmpi_4.1.4-gcc-12.2.0,256,99.64
mpiexec,openmpi_4.1.4-gcc-8.5.0,256,59.55
mpiexec,openmpi_4.1.4-intel-2021.7.1,256,34.41
mpiexec,openmpi_4.1.4-oneapi-2022.2.1,256,90.81
mpirun,intel-mpi_2019.10.317-gcc-8.5.0,256,2.7
mpirun,openmpi_3.1.6-gcc-12.2.0,256,2.58
mpirun,openmpi_4.1.4-gcc-12.2.0,256,88.9
mpirun,openmpi_4.1.4-gcc-8.5.0,256,98.05
mpirun,openmpi_4.1.4-intel-2021.7.1,256,101.17
mpirun,openmpi_4.1.4-oneapi-2022.2.1,256,91.23
srun,openmpi_3.1.6-gcc-12.2.0,256,2.56
srun,openmpi_4.1.4-gcc-12.2.0,256,80.46
srun,openmpi_4.1.4-gcc-8.5.0,256,87.47
srun,openmpi_4.1.4-intel-2021.7.1,256,91.85
srun,openmpi_4.1.4-oneapi-2022.2.1,256,98.71
mpiexec,intel-mpi_2019.10.317-gcc-8.5.0,512,2.96
mpiexec,openmpi_3.1.6-gcc-12.2.0,512,2.86
mpiexec,openmpi_4.1.4-gcc-12.2.0,512,107.64
mpiexec,openmpi_4.1.4-gcc-8.5.0,512,82.11
mpiexec,openmpi_4.1.4-intel-2021.7.1,512,110.03
mpiexec,openmpi_4.1.4-oneapi-2022.2.1,512,100.77
mpirun,intel-mpi_2019.10.317-gcc-8.5.0,512,2.97
mpirun,openmpi_3.1.6-gcc-12.2.0,512,2.86
mpirun,openmpi_4.1.4-gcc-12.2.0,512,93.53
mpirun,openmpi_4.1.4-gcc-8.5.0,512,103.54
mpirun,openmpi_4.1.4-intel-2021.7.1,512,112.58
mpirun,openmpi_4.1.4-oneapi-2022.2.1,512,97.99
srun,openmpi_3.1.6-gcc-12.2.0,512,2.84
srun,openmpi_4.1.4-gcc-12.2.0,512,83.85
srun,openmpi_4.1.4-gcc-8.5.0,512,94.6
srun,openmpi_4.1.4-intel-2021.7.1,512,97.54
srun,openmpi_4.1.4-oneapi-2022.2.1,512,104.1
mpiexec,intel-mpi_2019.10.317-gcc-8.5.0,1024,3.52
mpiexec,openmpi_3.1.6-gcc-12.2.0,1024,3.41
mpiexec,openmpi_4.1.4-gcc-12.2.0,1024,120.97
mpiexec,openmpi_4.1.4-gcc-8.5.0,1024,98.86
mpiexec,openmpi_4.1.4-intel-2021.7.1,1024,106.42
mpiexec,openmpi_4.1.4-oneapi-2022.2.1,1024,112.24
mpirun,intel-mpi_2019.10.317-gcc-8.5.0,1024,3.52
mpirun,openmpi_3.1.6-gcc-12.2.0,1024,3.41
mpirun,openmpi_4.1.4-gcc-12.2.0,1024,107.47
mpirun,openmpi_4.1.4-gcc-8.5.0,1024,118.41
mpirun,openmpi_4.1.4-intel-2021.7.1,1024,126.83
mpirun,openmpi_4.1.4-oneapi-2022.2.1,1024,106.49
srun,openmpi_3.1.6-gcc-12.2.0,1024,3.4
srun,openmpi_4.1.4-gcc-12.2.0,1024,97.34
srun,openmpi_4.1.4-gcc-8.5.0,1024,106.2
srun,openmpi_4.1.4-intel-2021.7.1,1024,112.88
srun,openmpi_4.1.4-oneapi-2022.2.1,1024,114.55
mpiexec,intel-mpi_2019.10.317-gcc-8.5.0,2048,4.54
mpiexec,openmpi_3.1.6-gcc-12.2.0,2048,4.48
mpiexec,openmpi_4.1.4-gcc-12.2.0,2048,113.75
mpiexec,openmpi_4.1.4-gcc-8.5.0,2048,172.84
mpiexec,openmpi_4.1.4-intel-2021.7.1,2048,108.5
mpiexec,openmpi_4.1.4-oneapi-2022.2.1,2048,146.21
mpirun,intel-mpi_2019.10.317-gcc-8.5.0,2048,4.55
mpirun,openmpi_3.1.6-gcc-12.2.0,2048,4.48
mpirun,openmpi_4.1.4-gcc-12.2.0,2048,144.54
mpirun,openmpi_4.1.4-gcc-8.5.0,2048,126.49
mpirun,openmpi_4.1.4-intel-2021.7.1,2048,117.29
mpirun,openmpi_4.1.4-oneapi-2022.2.1,2048,141.24
srun,openmpi_3.1.6-gcc-12.2.0,2048,4.44
srun,openmpi_4.1.4-gcc-12.2.0,2048,192.35
srun,openmpi_4.1.4-gcc-8.5.0,2048,153.77
srun,openmpi_4.1.4-intel-2021.7.1,2048,147.66
srun,openmpi_4.1.4-oneapi-2022.2.1,2048,137.15
mpiexec,intel-mpi_2019.10.317-gcc-8.5.0,4096,6.58
mpiexec,openmpi_3.1.6-gcc-12.2.0,4096,6.57
mpiexec,openmpi_4.1.4-gcc-12.2.0,4096,251.72
mpiexec,openmpi_4.1.4-gcc-8.5.0,4096,256.34
mpiexec,openmpi_4.1.4-intel-2021.7.1,4096,247.65
mpiexec,openmpi_4.1.4-oneapi-2022.2.1,4096,244.15
mpirun,intel-mpi_2019.10.317-gcc-8.5.0,4096,6.58
mpirun,openmpi_3.1.6-gcc-12.2.0,4096,6.58
mpirun,openmpi_4.1.4-gcc-12.2.0,4096,269.62
mpirun,openmpi_4.1.4-gcc-8.5.0,4096,230.88
mpirun,openmpi_4.1.4-intel-2021.7.1,4096,224.56
mpirun,openmpi_4.1.4-oneapi-2022.2.1,4096,284.89
srun,openmpi_3.1.6-gcc-12.2.0,4096,6.56
srun,openmpi_4.1.4-gcc-12.2.0,4096,282.53
srun,openmpi_4.1.4-gcc-8.5.0,4096,239.24
srun,openmpi_4.1.4-intel-2021.7.1,4096,275.62
srun,openmpi_4.1.4-oneapi-2022.2.1,4096,274.82
mpiexec,intel-mpi_2019.10.317-gcc-8.5.0,8192,8.47
mpiexec,openmpi_3.1.6-gcc-12.2.0,8192,8.43
mpiexec,openmpi_4.1.4-gcc-12.2.0,8192,250.83
mpiexec,openmpi_4.1.4-gcc-8.5.0,8192,248.67
mpiexec,openmpi_4.1.4-intel-2021.7.1,8192,250.95
mpiexec,openmpi_4.1.4-oneapi-2022.2.1,8192,249.15
mpirun,intel-mpi_2019.10.317-gcc-8.5.0,8192,8.47
mpirun,openmpi_3.1.6-gcc-12.2.0,8192,8.45
mpirun,openmpi_4.1.4-gcc-12.2.0,8192,248.3
mpirun,openmpi_4.1.4-gcc-8.5.0,8192,248.97
mpirun,openmpi_4.1.4-intel-2021.7.1,8192,254.67
mpirun,openmpi_4.1.4-oneapi-2022.2.1,8192,247.43
srun,openmpi_3.1.6-gcc-12.2.0,8192,8.42
srun,openmpi_4.1.4-gcc-12.2.0,8192,261.81
srun,openmpi_4.1.4-gcc-8.5.0,8192,240.03
srun,openmpi_4.1.4-intel-2021.7.1,8192,251.19
srun,openmpi_4.1.4-oneapi-2022.2.1,8192,250.45
mpiexec,intel-mpi_2019.10.317-gcc-8.5.0,16384,11.12
mpiexec,openmpi_3.1.6-gcc-12.2.0,16384,11.1
mpiexec,openmpi_4.1.4-gcc-12.2.0,16384,328.66
mpiexec,openmpi_4.1.4-gcc-8.5.0,16384,321.86
mpiexec,openmpi_4.1.4-intel-2021.7.1,16384,334.0
mpiexec,openmpi_4.1.4-oneapi-2022.2.1,16384,323.64
mpirun,intel-mpi_2019.10.317-gcc-8.5.0,16384,11.14
mpirun,openmpi_3.1.6-gcc-12.2.0,16384,11.1
mpirun,openmpi_4.1.4-gcc-12.2.0,16384,332.36
mpirun,openmpi_4.1.4-gcc-8.5.0,16384,335.69
mpirun,openmpi_4.1.4-intel-2021.7.1,16384,328.07
mpirun,openmpi_4.1.4-oneapi-2022.2.1,16384,333.04
srun,openmpi_3.1.6-gcc-12.2.0,16384,11.12
srun,openmpi_4.1.4-gcc-12.2.0,16384,313.01
srun,openmpi_4.1.4-gcc-8.5.0,16384,340.97
srun,openmpi_4.1.4-intel-2021.7.1,16384,330.24
srun,openmpi_4.1.4-oneapi-2022.2.1,16384,333.83
mpiexec,intel-mpi_2019.10.317-gcc-8.5.0,32768,16.44
mpiexec,openmpi_3.1.6-gcc-12.2.0,32768,16.17
mpiexec,openmpi_4.1.4-gcc-12.2.0,32768,492.69
mpiexec,openmpi_4.1.4-gcc-8.5.0,32768,483.37
mpiexec,openmpi_4.1.4-intel-2021.7.1,32768,494.25
mpiexec,openmpi_4.1.4-oneapi-2022.2.1,32768,490.36
mpirun,intel-mpi_2019.10.317-gcc-8.5.0,32768,16.27
mpirun,openmpi_3.1.6-gcc-12.2.0,32768,16.16
mpirun,openmpi_4.1.4-gcc-12.2.0,32768,490.37
mpirun,openmpi_4.1.4-gcc-8.5.0,32768,497.96
mpirun,openmpi_4.1.4-intel-2021.7.1,32768,500.31
mpirun,openmpi_4.1.4-oneapi-2022.2.1,32768,491.88
srun,openmpi_3.1.6-gcc-12.2.0,32768,16.16
srun,openmpi_4.1.4-gcc-12.2.0,32768,484.16
srun,openmpi_4.1.4-gcc-8.5.0,32768,487.69
srun,openmpi_4.1.4-intel-2021.7.1,32768,501.96
srun,openmpi_4.1.4-oneapi-2022.2.1,32768,492.64
mpiexec,intel-mpi_2019.10.317-gcc-8.5.0,65536,26.62
mpiexec,openmpi_3.1.6-gcc-12.2.0,65536,26.27
mpiexec,openmpi_4.1.4-gcc-12.2.0,65536,362.85
mpiexec,openmpi_4.1.4-gcc-8.5.0,65536,296.98
mpiexec,openmpi_4.1.4-intel-2021.7.1,65536,260.67
mpiexec,openmpi_4.1.4-oneapi-2022.2.1,65536,376.14
mpirun,intel-mpi_2019.10.317-gcc-8.5.0,65536,26.47
mpirun,openmpi_3.1.6-gcc-12.2.0,65536,26.21
mpirun,openmpi_4.1.4-gcc-12.2.0,65536,353.66
mpirun,openmpi_4.1.4-gcc-8.5.0,65536,331.07
mpirun,openmpi_4.1.4-intel-2021.7.1,65536,265.2
mpirun,openmpi_4.1.4-oneapi-2022.2.1,65536,329.14
srun,openmpi_3.1.6-gcc-12.2.0,65536,26.21
srun,openmpi_4.1.4-gcc-12.2.0,65536,390.03
srun,openmpi_4.1.4-gcc-8.5.0,65536,284.66
srun,openmpi_4.1.4-intel-2021.7.1,65536,379.37
srun,openmpi_4.1.4-oneapi-2022.2.1,65536,318.44
mpiexec,intel-mpi_2019.10.317-gcc-8.5.0,131072,46.24
mpiexec,openmpi_3.1.6-gcc-12.2.0,131072,45.86
mpiexec,openmpi_4.1.4-gcc-12.2.0,131072,488.97
mpiexec,openmpi_4.1.4-gcc-8.5.0,131072,428.5
mpiexec,openmpi_4.1.4-intel-2021.7.1,131072,398.0
mpiexec,openmpi_4.1.4-oneapi-2022.2.1,131072,460.38
mpirun,intel-mpi_2019.10.317-gcc-8.5.0,131072,46.22
mpirun,openmpi_3.1.6-gcc-12.2.0,131072,45.86
mpirun,openmpi_4.1.4-gcc-12.2.0,131072,445.32
mpirun,openmpi_4.1.4-gcc-8.5.0,131072,451.03
mpirun,openmpi_4.1.4-intel-2021.7.1,131072,408.62
mpirun,openmpi_4.1.4-oneapi-2022.2.1,131072,420.09
srun,openmpi_3.1.6-gcc-12.2.0,131072,45.79
srun,openmpi_4.1.4-gcc-12.2.0,131072,496.38
srun,openmpi_4.1.4-gcc-8.5.0,131072,427.23
srun,openmpi_4.1.4-intel-2021.7.1,131072,487.01
srun,openmpi_4.1.4-oneapi-2022.2.1,131072,408.33
mpiexec,intel-mpi_2019.10.317-gcc-8.5.0,262144,85.68
mpiexec,openmpi_3.1.6-gcc-12.2.0,262144,84.46
mpiexec,openmpi_4.1.4-gcc-12.2.0,262144,555.13
mpiexec,openmpi_4.1.4-gcc-8.5.0,262144,491.73
mpiexec,openmpi_4.1.4-intel-2021.7.1,262144,487.8
mpiexec,openmpi_4.1.4-oneapi-2022.2.1,262144,545.97
mpirun,intel-mpi_2019.10.317-gcc-8.5.0,262144,85.67
mpirun,openmpi_3.1.6-gcc-12.2.0,262144,83.83
mpirun,openmpi_4.1.4-gcc-12.2.0,262144,551.87
mpirun,openmpi_4.1.4-gcc-8.5.0,262144,518.01
mpirun,openmpi_4.1.4-intel-2021.7.1,262144,425.43
mpirun,openmpi_4.1.4-oneapi-2022.2.1,262144,514.13
srun,openmpi_3.1.6-gcc-12.2.0,262144,84.51
srun,openmpi_4.1.4-gcc-12.2.0,262144,563.26
srun,openmpi_4.1.4-gcc-8.5.0,262144,500.48
srun,openmpi_4.1.4-intel-2021.7.1,262144,551.89
srun,openmpi_4.1.4-oneapi-2022.2.1,262144,481.68
mpiexec,intel-mpi_2019.10.317-gcc-8.5.0,524288,164.97
mpiexec,openmpi_3.1.6-gcc-12.2.0,524288,161.19
mpiexec,openmpi_4.1.4-gcc-12.2.0,524288,770.21
mpiexec,openmpi_4.1.4-gcc-8.5.0,524288,734.66
mpiexec,openmpi_4.1.4-intel-2021.7.1,524288,662.11
mpiexec,openmpi_4.1.4-oneapi-2022.2.1,524288,740.81
mpirun,intel-mpi_2019.10.317-gcc-8.5.0,524288,165.59
mpirun,openmpi_3.1.6-gcc-12.2.0,524288,161.27
mpirun,openmpi_4.1.4-gcc-12.2.0,524288,738.98
mpirun,openmpi_4.1.4-gcc-8.5.0,524288,728.89
mpirun,openmpi_4.1.4-intel-2021.7.1,524288,666.06
mpirun,openmpi_4.1.4-oneapi-2022.2.1,524288,742.23
srun,openmpi_3.1.6-gcc-12.2.0,524288,161.1
srun,openmpi_4.1.4-gcc-12.2.0,524288,762.28
srun,openmpi_4.1.4-gcc-8.5.0,524288,661.29
srun,openmpi_4.1.4-intel-2021.7.1,524288,848.54
srun,openmpi_4.1.4-oneapi-2022.2.1,524288,703.71
mpiexec,intel-mpi_2019.10.317-gcc-8.5.0,1048576,324.72
mpiexec,openmpi_3.1.6-gcc-12.2.0,1048576,315.54
mpiexec,openmpi_4.1.4-gcc-12.2.0,1048576,1095.23
mpiexec,openmpi_4.1.4-gcc-8.5.0,1048576,958.25
mpiexec,openmpi_4.1.4-intel-2021.7.1,1048576,996.85
mpiexec,openmpi_4.1.4-oneapi-2022.2.1,1048576,1057.35
mpirun,intel-mpi_2019.10.317-gcc-8.5.0,1048576,324.32
mpirun,openmpi_3.1.6-gcc-12.2.0,1048576,315.51
mpirun,openmpi_4.1.4-gcc-12.2.0,1048576,1053.36
mpirun,openmpi_4.1.4-gcc-8.5.0,1048576,1037.02
mpirun,openmpi_4.1.4-intel-2021.7.1,1048576,955.35
mpirun,openmpi_4.1.4-oneapi-2022.2.1,1048576,944.12
srun,openmpi_3.1.6-gcc-12.2.0,1048576,315.53
srun,openmpi_4.1.4-gcc-12.2.0,1048576,1170.47
srun,openmpi_4.1.4-gcc-8.5.0,1048576,998.66
srun,openmpi_4.1.4-intel-2021.7.1,1048576,1073.28
srun,openmpi_4.1.4-oneapi-2022.2.1,1048576,1008.58
mpiexec,intel-mpi_2019.10.317-gcc-8.5.0,2097152,625.85
mpiexec,openmpi_3.1.6-gcc-12.2.0,2097152,624.34
mpiexec,openmpi_4.1.4-gcc-12.2.0,2097152,1874.31
mpiexec,openmpi_4.1.4-gcc-8.5.0,2097152,1453.91
mpiexec,openmpi_4.1.4-intel-2021.7.1,2097152,1289.1
mpiexec,openmpi_4.1.4-oneapi-2022.2.1,2097152,1763.01
mpirun,intel-mpi_2019.10.317-gcc-8.5.0,2097152,626.02
mpirun,openmpi_3.1.6-gcc-12.2.0,2097152,624.43
mpirun,openmpi_4.1.4-gcc-12.2.0,2097152,1815.92
mpirun,openmpi_4.1.4-gcc-8.5.0,2097152,1769.04
mpirun,openmpi_4.1.4-intel-2021.7.1,2097152,1280.92
mpirun,openmpi_4.1.4-oneapi-2022.2.1,2097152,1492.41
srun,openmpi_3.1.6-gcc-12.2.0,2097152,624.48
srun,openmpi_4.1.4-gcc-12.2.0,2097152,2025.38
srun,openmpi_4.1.4-gcc-8.5.0,2097152,1390.87
srun,openmpi_4.1.4-intel-2021.7.1,2097152,1603.72
srun,openmpi_4.1.4-oneapi-2022.2.1,2097152,1669.82
mpiexec,intel-mpi_2019.10.317-gcc-8.5.0,4194304,1243.62
mpiexec,openmpi_3.1.6-gcc-12.2.0,4194304,1243.62
mpiexec,openmpi_4.1.4-gcc-12.2.0,4194304,3420.45
mpiexec,openmpi_4.1.4-gcc-8.5.0,4194304,2699.88
mpiexec,openmpi_4.1.4-intel-2021.7.1,4194304,2327.88
mpiexec,openmpi_4.1.4-oneapi-2022.2.1,4194304,3177.13
mpirun,intel-mpi_2019.10.317-gcc-8.5.0,4194304,1243.86
mpirun,openmpi_3.1.6-gcc-12.2.0,4194304,1243.49
mpirun,openmpi_4.1.4-gcc-12.2.0,4194304,3290.81
mpirun,openmpi_4.1.4-gcc-8.5.0,4194304,2947.66
mpirun,openmpi_4.1.4-intel-2021.7.1,4194304,2329.35
mpirun,openmpi_4.1.4-oneapi-2022.2.1,4194304,2736.99
srun,openmpi_3.1.6-gcc-12.2.0,4194304,1243.16
srun,openmpi_4.1.4-gcc-12.2.0,4194304,3706.9
srun,openmpi_4.1.4-gcc-8.5.0,4194304,2748.61
srun,openmpi_4.1.4-intel-2021.7.1,4194304,2925.97
srun,openmpi_4.1.4-oneapi-2022.2.1,4194304,3087.45
